url,title,meta_description,h1,content_snippet,content_length,score
https://www.durex.es/blogs/articulos-sobre-sexo,Todos los artículos de sexo de Durex España | Durex ES,"Descubre los mejores consejos sobre sexo, posturas sexuales y salud sexual para disfrutar al máximo.",,Los más leídos Beneficios del sexo espiritual Beneficios del sexo: la Oxitocina Cómo aguantar las ganas de eyacular Cómo aliviar la sequedad vaginal en la menopausia Cómo decirle a mi chico lo que me gusta en la cama Cómo empezar a usar jug...,8662,25022
https://www.durex.es/blogs/articulos-sobre-sexo/hombres-trucos-para-durar-mas-en-la-cama,Hombres: trucos para durar más en la cama | Durex ES,¿Conoces los trucos para durar más en la cama y aumentar el placer? Descubre cómo complacer a tu pareja y subir la temperatura de tus encuentros aquí.,,"Algunas personas se preocupan por el tiempo que son capaces de durar en la cama, pues temen acabar demasiado rápido y no complacer a su(s) pareja(s). Este pensamiento puede llegar a influir en sus relaciones, ya que la relajación es una de ...",8609,10429
https://www.durex.es/blogs/articulos-sobre-sexo/que-talla-de-condon-usar,Descubre qué talla de condón usar y elige el ideal | Durex ES,"Si te preguntas qué talla de condón usar, sigue leyendo y descubre cómo comprar preservativos sin equivocarte.",,"¡Esta es una de las dudas más frecuentes cuando se trata de comprar preservativos! Sabemos que cada pene tiene una forma y tamaño diferente y, por suerte, lo mismo ocurre con los preservativos, por eso si te preguntas qué talla de condón us...",6886,8306
https://www.durex.es/blogs/articulos-sobre-sexo/como-usar-juguetes-sexuales-en-pareja,¿Cómo usar juguetes sexuales en pareja? | Durex ES,"Aunque puede parecer así, los juguetes sexuales no tienen que ser solo para usar en solitario. De hecho, compartirlos en pareja puede ayudar a mejorar el sexo, salir de la rutina, disparar la excitación o incluso maximizar los orgasmos. Eso sí, como siempre, conviene hablar antes con la pareja para que el uso del jugu",,"Aunque puede parecer así, los juguetes sexuales no tienen que ser solo para usar en solitario. De hecho, compartirlos en pareja puede ayudar a mejorar el sexo, salir de la rutina, disparar la excitación o incluso maximizar los orgasmos. Eso...",7005,8283
https://www.durex.es/blogs/articulos-sobre-sexo/mitos-sobre-el-uso-de-juguetes-sexuales,Mitos sobre el uso de juguetes sexuales | Durex ES,"Los juguetes sexuales son cada vez más populares, tanto para usar en solitario como en pareja, pero todavía son muchos los prejuicios, mitos y tabús que rodean su uso. El desconocimiento puede hacer que algunas personas interesadas en probarlos se lo piensen, perdiéndose así los numerosos beneficios que pueden aportar",,"Los juguetes sexuales son cada vez más populares, tanto para usar en solitario como en pareja, pero todavía son muchos los prejuicios, mitos y tabús que rodean su uso. El desconocimiento puede hacer que algunas personas interesadas en proba...",5840,7118
https://www.durex.es/blogs/articulos-sobre-sexo/que-condon-usar-para-sentir-mas,¿Qué condón usar para sentir más? | Durex ES,"Si te preguntas qué condón usar para sentir más y disfrutar de un encuentro inolvidable sigue leyendo, porque en este artículo te lo explicamos todo.",,"Seguro que alguna vez has oído que los condones afectan a la sensibilidad a la hora de mantener relaciones. ¡Pero solo es un mito! A día de hoy puedes encontrar un gran número de preservativos que, precisamente, potencian la sensibilidad pa...",5700,7118
https://www.durex.es/collections/todos-los-productos-durex,Todos los productos Durex | Durex ES,"Encuentra los condones, lubricantes o juguetes sexuales que buscas en Durex. Dale rienda suelta a tu deseo y disfruta más del sexo.",,Filtro de productos: Tipo de producto: Escoge tu talla: Durex Intense Orgasmic Gel Compatibilidad Durex Play Anillo de Placer Batería Material Uso Vibración Durex Intense Orgasmic Diablillo Batería Material Vibración Volumen Durex Lubricant...,2917,6939
https://www.durex.es/blogs/articulos-sobre-sexo/como-disfrutar-del-sexo-con-condon,Cómo disfrutar del sexo con condón | Durex ES,"¿Crees que no es posible disfrutar del sexo con condón? ¡Pues te equivocas!, en este artículo te damos ideas para que no sacrifiques la protección por el placer.",,"Es probable que hayas oído hablar de los condones o preservativos y de su importancia para tener un sexo más seguro, pues ayudan a protegernos tanto de un embarazo no deseado como del contagio de enfermedades de transmisión sexual (ETS) . P...",5930,6812
https://www.durex.es/blogs/articulos-sobre-sexo/es-malo-usar-juguetes-sexuales,¿Es malo usar juguetes sexuales? | Durex ES,"En los últimos años, sobre todo desde la pandemia, la compra de juguetes sexuales se ha visto incrementada, lo que quiere decir que también su uso ha aumentado. En otras palabras, los juguetes sexuales son cada vez más conocidos, pero esto no quiere decir que no haya dudas sobre su funcionamiento e incluso sobre sus p",,"En los últimos años, sobre todo desde la pandemia, la compra de juguetes sexuales se ha visto incrementada, lo que quiere decir que también su uso ha aumentado. En otras palabras, los juguetes sexuales son cada vez más conocidos, pero esto ...",4965,6243
https://www.durex.es/blogs/articulos-sobre-sexo/los-condones-extrafinos-se-rompen,¿Los condones extrafinos se rompen? | Durex ES,¿Quieres probar uno más fino pero te preguntas si los condones extrafinos se rompen? Descúbrelo aquí.,,"En la actualidad existe una gran variedad de preservativos en el mercado, con opciones que se ajustan a las necesidades de todos los consumidores. Los hay que permiten intensificar las sensaciones, también con diferentes sabores, distintas ...",4903,6145
https://www.durex.es/blogs/articulos-sobre-sexo/como-aguantar-las-ganas-de-eyacular,Cómo aguantar las ganas de eyacular | Durex ES,Aguantar la ganas de eyacular y controlar la excitación para prolongar el sexo es posible ¡Descubre nuestros trucos para conseguirlo!,,"El sexo es placer, ¡por supuesto!, pero también un proceso de aprendizaje, ya que te va a ayudar a conocer tu propio cuerpo, lo que te gusta, lo que te excita y lo que no. Dentro de este aprendizaje está también aprender a controlar el mome...",4956,5862
https://www.durex.es/products/durex-preservativo-sin-latex-12-condones,Comprar Durex Preservativo Sin Látex 12 condones | Durex ES,Comprar Durex Preservativo Sin Látex 12 condones de la tienda online Durex al mejor precio. Obtén entregas discretas en todo el Reino Unido. Los productos Durex son ✓Confianza ✓fidedigno ✓segura.,Durex Preservativo Sin Látex 12 Unidades,"Durex Preservativo Sin Látex 12 Unidades 1 of 8 Escoge tu talla Regular Fit 12 Unidades 24 Unidades Disponible en línea, en farmacias y en supermercados. Para los sensibles al látex ¿El látex y tu no os lleváis bien? Estos preservativos est...",2628,4538
https://www.durex.es/products/durex-preservativos-sensitivo-contacto-total-6-condones,Comprar Durex Preservativo Sensitivo Contacto Total 6 condones | Durex ES,Comprar Durex Preservativo Sensitivo Contacto Total 6 condones de la tienda online Durex al mejor precio. Obtén entregas discretas en todo el Reino Unido. Los productos Durex son ✓Confianza ✓fidedigno ✓segura.,Durex Preservativos Sensitivo Contacto Total 6 Unidades,"Durex Preservativos Sensitivo Contacto Total 6 Unidades 1 of 7 Escoge tu talla Regular Fit 6 Unidades 12 Unidades 24 Unidades 48 Unidades Disponible en línea, en farmacias y en supermercados. MAYOR SENSIBILIDAD. MISMA PROTECCIÓN Para disfru...",2319,4257
https://www.durex.es/products/durex-preservativos-sensitivo-suave-12-unidades,Comprar Durex Preservativos Sensitivo Suave 12 Unidades Condones | Durex ES,Comprar Durex Preservativos Sensitivo Suave 12 Unidades Condones de la tienda online Durex al mejor precio. Obtén entregas discretas en todo el Reino Unido. Los productos Durex son ✓Confianza ✓fidedigno ✓segura.,Durex Preservativos Sensitivo Suave 12 Unidades,"Durex Preservativos Sensitivo Suave 12 Unidades 1 of 6 Escoge tu talla Regular Fit 12 Unidades 24 Unidades 72 Unidades Disponible en línea, en farmacias y en supermercados. MAYOR SENSIBILIDAD. MISMA PROTECCIÓN Para una sensación sensible y ...",2207,4149
https://www.durex.es/products/durex-preservativos-sensitivo-suave-24-unidades,Comprar Durex Preservativos Sensitivo Suave 24 unidades Condones | Durex ES,Comprar Durex Preservativos Sensitivo Suave 24 unidades Condones de la tienda online Durex al mejor precio. Obtén entregas discretas en todo el Reino Unido. Los productos Durex son ✓Confianza ✓fidedigno ✓segura.,Durex Preservativos Sensitivo Suave 24 Unidades,"Durex Preservativos Sensitivo Suave 24 Unidades 1 of 6 Escoge tu talla Regular Fit 12 Unidades 24 Unidades 72 Unidades Disponible en línea, en farmacias y en supermercados. MAYOR SENSIBILIDAD. MISMA PROTECCIÓN Para una sensación sensible y ...",2207,4149
https://www.durex.es/products/durex-preservativos-sensitivo-suave-72-unidades,Comprar Durex Preservativos Sensitivo Suave 72 unidades | Durex ES,Comprar Durex Preservativos Sensitivo Suave 72 unidades de la tienda online Durex al mejor precio. Obtén entregas discretas en todo el Reino Unido. Los productos Durex son ✓Confianza ✓fidedigno ✓segura.,Durex Preservativos Sensitivo Suave 72 Unidades,"Durex Preservativos Sensitivo Suave 72 Unidades 1 of 6 Escoge tu talla Regular Fit 12 Unidades 24 Unidades 72 Unidades Disponible en línea, en farmacias y en supermercados. MAYOR SENSIBILIDAD. MISMA PROTECCIÓN Para una sensación sensible y ...",2207,4131
https://www.durex.es/products/durex-preservativos-natural-comfort-12-unidades,Comprar Durex Preservativos Natural Comfort 12 unidades Condones | Durex ES,Comprar Durex Preservativos Natural Comfort 12 unidades Condones de la tienda online Durex al mejor precio. Obtén entregas discretas en todo el Reino Unido. Los productos Durex son ✓Confianza ✓fidedigno ✓segura.,Durex Preservativos Natural Comfort 12 Unidades,"Durex Preservativos Natural Comfort 12 Unidades 1 of 8 Escoge tu talla Regular Fit 12 Unidades 24 Unidades 48 Unidades 72 Unidades Disponible en línea, en farmacias y en supermercados. Para mayor comodidad y confort Sinceramente, el origina...",2143,4005
https://www.durex.es/products/durex-preservativos-natural-comfort-24-unidades,Comprar Durex Preservativos Natural Comfort 24 unidades Condones | Durex ES,Comprar Durex Preservativos Natural Comfort 24 unidades Condones de la tienda online Durex al mejor precio. Obtén entregas discretas en todo el Reino Unido. Los productos Durex son ✓Confianza ✓fidedigno ✓segura.,Durex Preservativos Natural Comfort 24 Unidades,"Durex Preservativos Natural Comfort 24 Unidades 1 of 8 Escoge tu talla Regular Fit 12 Unidades 24 Unidades 48 Unidades 72 Unidades Disponible en línea, en farmacias y en supermercados. Para mayor comodidad y confort Sinceramente, el origina...",2143,4005
https://www.durex.es/products/durex-preservativos-natural-comfort-48-unidades,Comprar Durex Preservativos Natural Comfort 48 unidades Condones | Durex ES,Comprar Durex Preservativos Natural Comfort 48 unidades Condones de la tienda online Durex al mejor precio. Obtén entregas discretas en todo el Reino Unido. Los productos Durex son ✓Confianza ✓fidedigno ✓segura.,Durex Preservativos Natural Comfort 48 Unidades,"Durex Preservativos Natural Comfort 48 Unidades 1 of 7 Escoge tu talla Regular Fit 12 Unidades 24 Unidades 48 Unidades 72 Unidades Disponible en línea, en farmacias y en supermercados. Para mayor comodidad y confort Sinceramente, el origina...",2143,4005
https://www.durex.es/products/durex-preservativos-natural-comfort-72-unidades,Comprar Durex Preservativos Natural Comfort 72 unidades Condones | Durex ES,Comprar Durex Preservativos Natural Comfort 72 unidades Condones de la tienda online Durex al mejor precio. Obtén entregas discretas en todo el Reino Unido. Los productos Durex son ✓Confianza ✓fidedigno ✓segura.,Durex Preservativos Natural Comfort 72 Unidades,"Durex Preservativos Natural Comfort 72 Unidades 1 of 7 Escoge tu talla Regular Fit 12 Unidades 24 Unidades 48 Unidades 72 Unidades Disponible en línea, en farmacias y en supermercados. Para mayor comodidad y confort Sinceramente, el origina...",2143,4005
